"0","# Install dependencies"
"0","# install.packages(c(""DBI"", ""RMySQL"", ""readr"", ""readxl"", ""dplyr"", ""ggplot2"", "
"0","#                                          ""stringr"", tm"", ""text2vec"", ""proxy""))"
"0",""
"0","library(DBI)         # Enabling database connectivity in R"
"0","library(RMySQL)      # A backend driver for DBI to interact with MySQL"
"0","library(readr)       # Facilitates reading and writing data efficiently"
"0","library(readxl)      # Enables reading Excel files"
"0","library(dplyr)       # Data manipulation"
"0","library(tidyr)       # Data Tidying"
"0","library(ggplot2)     # Graphics for plots"
"0","library(stringr)     # String operations"
"0","library(tm)          # For text preprocessing"
"0","library(text2vec)    # For TF-IDF vectorization"
"0","library(proxy)       # For cosine similarity"
